rate_date,from_currency,to_currency,exchange_rate
2025-03-16,EUR,USD,1.0943
2025-03-16,GBP,USD,1.2547
2025-03-16,EUR,GBP,0.8519
2025-03-17,EUR,USD,1.0979
2025-03-17,GBP,USD,1.2599
2025-03-17,EUR,GBP,0.8542
2025-03-18,EUR,USD,1.0689
2025-03-18,GBP,USD,1.2699
2025-03-18,EUR,GBP,0.852
2025-03-19,EUR,USD,1.0637
2025-03-19,GBP,USD,1.2637
2025-03-19,EUR,GBP,0.8464
2025-03-20,EUR,USD,1.0691
2025-03-20,GBP,USD,1.2777
2025-03-20,EUR,GBP,0.8502
2025-03-21,EUR,USD,1.0664
2025-03-21,GBP,USD,1.2775
2025-03-21,EUR,GBP,0.8594
2025-03-22,EUR,USD,1.0975
2025-03-22,GBP,USD,1.2712
2025-03-22,EUR,GBP,0.8412
2025-03-23,EUR,USD,1.0755
2025-03-23,GBP,USD,1.2873
2025-03-23,EUR,GBP,0.845
2025-03-24,EUR,USD,1.083
2025-03-24,GBP,USD,1.2529
2025-03-24,EUR,GBP,0.8512
2025-03-25,EUR,USD,1.087
2025-03-25,GBP,USD,1.278
2025-03-25,EUR,GBP,0.8477
2025-03-26,EUR,USD,1.0857
2025-03-26,GBP,USD,1.2608
2025-03-26,EUR,GBP,0.8536
2025-03-27,EUR,USD,1.0832
2025-03-27,GBP,USD,1.2748
2025-03-27,EUR,GBP,0.8548
2025-03-28,EUR,USD,1.0688
2025-03-28,GBP,USD,1.2582
2025-03-28,EUR,GBP,0.8485
2025-03-29,EUR,USD,1.0772
2025-03-29,GBP,USD,1.2644
2025-03-29,EUR,GBP,0.8462
2025-03-30,EUR,USD,1.0805
2025-03-30,GBP,USD,1.2798
2025-03-30,EUR,GBP,0.8498
2025-03-31,EUR,USD,1.0703
2025-03-31,GBP,USD,1.2848
2025-03-31,EUR,GBP,0.8585
2025-04-01,EUR,USD,1.0773
2025-04-01,GBP,USD,1.2801
2025-04-01,EUR,GBP,0.8531
2025-04-02,EUR,USD,1.0607
2025-04-02,GBP,USD,1.2731
2025-04-02,EUR,GBP,0.8446
2025-04-03,EUR,USD,1.0979
2025-04-03,GBP,USD,1.2836
2025-04-03,EUR,GBP,0.8518
2025-04-04,EUR,USD,1.0791
2025-04-04,GBP,USD,1.2722
2025-04-04,EUR,GBP,0.8549
2025-04-05,EUR,USD,1.0647
2025-04-05,GBP,USD,1.2791
2025-04-05,EUR,GBP,0.8566
2025-04-06,EUR,USD,1.0848
2025-04-06,GBP,USD,1.255
2025-04-06,EUR,GBP,0.8478
2025-04-07,EUR,USD,1.0729
2025-04-07,GBP,USD,1.2597
2025-04-07,EUR,GBP,0.8529
2025-04-08,EUR,USD,1.0696
2025-04-08,GBP,USD,1.278
2025-04-08,EUR,GBP,0.8402
2025-04-09,EUR,USD,1.095
2025-04-09,GBP,USD,1.2593
2025-04-09,EUR,GBP,0.8588
2025-04-10,EUR,USD,1.0706
2025-04-10,GBP,USD,1.2821
2025-04-10,EUR,GBP,0.8481
2025-04-11,EUR,USD,1.087
2025-04-11,GBP,USD,1.276
2025-04-11,EUR,GBP,0.8488
2025-04-12,EUR,USD,1.0973
2025-04-12,GBP,USD,1.2892
2025-04-12,EUR,GBP,0.852
2025-04-13,EUR,USD,1.0923
2025-04-13,GBP,USD,1.268
2025-04-13,EUR,GBP,0.8455
2025-04-14,EUR,USD,1.0944
2025-04-14,GBP,USD,1.2705
2025-04-14,EUR,GBP,0.8415
2025-04-15,EUR,USD,1.0707
2025-04-15,GBP,USD,1.2748
2025-04-15,EUR,GBP,0.8423
2025-04-16,EUR,USD,1.0872
2025-04-16,GBP,USD,1.2696
2025-04-16,EUR,GBP,0.8592
2025-04-17,EUR,USD,1.0723
2025-04-17,GBP,USD,1.277
2025-04-17,EUR,GBP,0.8437
2025-04-18,EUR,USD,1.064
2025-04-18,GBP,USD,1.2814
2025-04-18,EUR,GBP,0.8566
2025-04-19,EUR,USD,1.0934
2025-04-19,GBP,USD,1.2781
2025-04-19,EUR,GBP,0.8523
2025-04-20,EUR,USD,1.0817
2025-04-20,GBP,USD,1.2593
2025-04-20,EUR,GBP,0.8514
2025-04-21,EUR,USD,1.0913
2025-04-21,GBP,USD,1.2782
2025-04-21,EUR,GBP,0.856
2025-04-22,EUR,USD,1.0657
2025-04-22,GBP,USD,1.2817
2025-04-22,EUR,GBP,0.8433
2025-04-23,EUR,USD,1.09
2025-04-23,GBP,USD,1.263
2025-04-23,EUR,GBP,0.8429
2025-04-24,EUR,USD,1.08
2025-04-24,GBP,USD,1.2599
2025-04-24,EUR,GBP,0.8589
2025-04-25,EUR,USD,1.0994
2025-04-25,GBP,USD,1.2523
2025-04-25,EUR,GBP,0.852
2025-04-26,EUR,USD,1.0707
2025-04-26,GBP,USD,1.2853
2025-04-26,EUR,GBP,0.8483
2025-04-27,EUR,USD,1.0923
2025-04-27,GBP,USD,1.2543
2025-04-27,EUR,GBP,0.8409
2025-04-28,EUR,USD,1.0885
2025-04-28,GBP,USD,1.2806
2025-04-28,EUR,GBP,0.8505
2025-04-29,EUR,USD,1.0616
2025-04-29,GBP,USD,1.2811
2025-04-29,EUR,GBP,0.8504
2025-04-30,EUR,USD,1.0608
2025-04-30,GBP,USD,1.2814
2025-04-30,EUR,GBP,0.8598
2025-05-01,EUR,USD,1.0809
2025-05-01,GBP,USD,1.2523
2025-05-01,EUR,GBP,0.8455
2025-05-02,EUR,USD,1.0666
2025-05-02,GBP,USD,1.2801
2025-05-02,EUR,GBP,0.8435
2025-05-03,EUR,USD,1.0677
2025-05-03,GBP,USD,1.2539
2025-05-03,EUR,GBP,0.8416
2025-05-04,EUR,USD,1.0663
2025-05-04,GBP,USD,1.2567
2025-05-04,EUR,GBP,0.8492
2025-05-05,EUR,USD,1.0686
2025-05-05,GBP,USD,1.2619
2025-05-05,EUR,GBP,0.846
2025-05-06,EUR,USD,1.0677
2025-05-06,GBP,USD,1.2855
2025-05-06,EUR,GBP,0.8452
2025-05-07,EUR,USD,1.0884
2025-05-07,GBP,USD,1.2776
2025-05-07,EUR,GBP,0.8446
2025-05-08,EUR,USD,1.0948
2025-05-08,GBP,USD,1.256
2025-05-08,EUR,GBP,0.8491
2025-05-09,EUR,USD,1.0625
2025-05-09,GBP,USD,1.2527
2025-05-09,EUR,GBP,0.8558
2025-05-10,EUR,USD,1.0714
2025-05-10,GBP,USD,1.2591
2025-05-10,EUR,GBP,0.8446
2025-05-11,EUR,USD,1.0995
2025-05-11,GBP,USD,1.2863
2025-05-11,EUR,GBP,0.8436
2025-05-12,EUR,USD,1.0806
2025-05-12,GBP,USD,1.2691
2025-05-12,EUR,GBP,0.8425
2025-05-13,EUR,USD,1.0609
2025-05-13,GBP,USD,1.2793
2025-05-13,EUR,GBP,0.8465
2025-05-14,EUR,USD,1.0757
2025-05-14,GBP,USD,1.2607
2025-05-14,EUR,GBP,0.843
2025-05-15,EUR,USD,1.0652
2025-05-15,GBP,USD,1.2649
2025-05-15,EUR,GBP,0.8493
2025-05-16,EUR,USD,1.0787
2025-05-16,GBP,USD,1.2832
2025-05-16,EUR,GBP,0.8465
2025-05-17,EUR,USD,1.0729
2025-05-17,GBP,USD,1.254
2025-05-17,EUR,GBP,0.8588
2025-05-18,EUR,USD,1.0979
2025-05-18,GBP,USD,1.2504
2025-05-18,EUR,GBP,0.8415
2025-05-19,EUR,USD,1.0612
2025-05-19,GBP,USD,1.251
2025-05-19,EUR,GBP,0.8564
2025-05-20,EUR,USD,1.0784
2025-05-20,GBP,USD,1.2521
2025-05-20,EUR,GBP,0.8469
2025-05-21,EUR,USD,1.081
2025-05-21,GBP,USD,1.2744
2025-05-21,EUR,GBP,0.8439
2025-05-22,EUR,USD,1.0932
2025-05-22,GBP,USD,1.2556
2025-05-22,EUR,GBP,0.8594
2025-05-23,EUR,USD,1.0966
2025-05-23,GBP,USD,1.2817
2025-05-23,EUR,GBP,0.8414
2025-05-24,EUR,USD,1.0644
2025-05-24,GBP,USD,1.2585
2025-05-24,EUR,GBP,0.8463
2025-05-25,EUR,USD,1.0634
2025-05-25,GBP,USD,1.2672
2025-05-25,EUR,GBP,0.8427
2025-05-26,EUR,USD,1.0702
2025-05-26,GBP,USD,1.2711
2025-05-26,EUR,GBP,0.8512
2025-05-27,EUR,USD,1.0792
2025-05-27,GBP,USD,1.2755
2025-05-27,EUR,GBP,0.8558
2025-05-28,EUR,USD,1.0793
2025-05-28,GBP,USD,1.2745
2025-05-28,EUR,GBP,0.8547
2025-05-29,EUR,USD,1.0995
2025-05-29,GBP,USD,1.2614
2025-05-29,EUR,GBP,0.8456
2025-05-30,EUR,USD,1.0681
2025-05-30,GBP,USD,1.2573
2025-05-30,EUR,GBP,0.8444
2025-05-31,EUR,USD,1.0823
2025-05-31,GBP,USD,1.28
2025-05-31,EUR,GBP,0.8437
2025-06-01,EUR,USD,1.0707
2025-06-01,GBP,USD,1.2642
2025-06-01,EUR,GBP,0.8495
2025-06-02,EUR,USD,1.0919
2025-06-02,GBP,USD,1.2729
2025-06-02,EUR,GBP,0.8423
2025-06-03,EUR,USD,1.0629
2025-06-03,GBP,USD,1.2837
2025-06-03,EUR,GBP,0.8491
2025-06-04,EUR,USD,1.063
2025-06-04,GBP,USD,1.2578
2025-06-04,EUR,GBP,0.8544
2025-06-05,EUR,USD,1.0613
2025-06-05,GBP,USD,1.2581
2025-06-05,EUR,GBP,0.8478
2025-06-06,EUR,USD,1.0702
2025-06-06,GBP,USD,1.2774
2025-06-06,EUR,GBP,0.8441
2025-06-07,EUR,USD,1.0815
2025-06-07,GBP,USD,1.2583
2025-06-07,EUR,GBP,0.8518
2025-06-08,EUR,USD,1.0695
2025-06-08,GBP,USD,1.2578
2025-06-08,EUR,GBP,0.8508
2025-06-09,EUR,USD,1.087
2025-06-09,GBP,USD,1.2897
2025-06-09,EUR,GBP,0.8512
2025-06-10,EUR,USD,1.0728
2025-06-10,GBP,USD,1.2724
2025-06-10,EUR,GBP,0.8436
2025-06-11,EUR,USD,1.0711
2025-06-11,GBP,USD,1.2508
2025-06-11,EUR,GBP,0.8501
2025-06-12,EUR,USD,1.0685
2025-06-12,GBP,USD,1.2682
2025-06-12,EUR,GBP,0.8592
2025-06-13,EUR,USD,1.0712
2025-06-13,GBP,USD,1.2515
2025-06-13,EUR,GBP,0.8563
2025-06-14,EUR,USD,1.0851
2025-06-14,GBP,USD,1.2765
2025-06-14,EUR,GBP,0.8494
2025-06-15,EUR,USD,1.0948
2025-06-15,GBP,USD,1.2732
2025-06-15,EUR,GBP,0.8404
2025-06-16,EUR,USD,1.0698
2025-06-16,GBP,USD,1.283
2025-06-16,EUR,GBP,0.8421
2025-06-17,EUR,USD,1.0686
2025-06-17,GBP,USD,1.2649
2025-06-17,EUR,GBP,0.8568
2025-06-18,EUR,USD,1.0866
2025-06-18,GBP,USD,1.2691
2025-06-18,EUR,GBP,0.8422
2025-06-19,EUR,USD,1.074
2025-06-19,GBP,USD,1.2655
2025-06-19,EUR,GBP,0.85
2025-06-20,EUR,USD,1.0984
2025-06-20,GBP,USD,1.2732
2025-06-20,EUR,GBP,0.844
2025-06-21,EUR,USD,1.0778
2025-06-21,GBP,USD,1.2893
2025-06-21,EUR,GBP,0.8489
2025-06-22,EUR,USD,1.0627
2025-06-22,GBP,USD,1.2818
2025-06-22,EUR,GBP,0.8404
2025-06-23,EUR,USD,1.0738
2025-06-23,GBP,USD,1.2834
2025-06-23,EUR,GBP,0.8477
2025-06-24,EUR,USD,1.0626
2025-06-24,GBP,USD,1.2899
2025-06-24,EUR,GBP,0.8448
2025-06-25,EUR,USD,1.0696
2025-06-25,GBP,USD,1.2896
2025-06-25,EUR,GBP,0.8538
2025-06-26,EUR,USD,1.0794
2025-06-26,GBP,USD,1.2629
2025-06-26,EUR,GBP,0.8565
2025-06-27,EUR,USD,1.0811
2025-06-27,GBP,USD,1.2813
2025-06-27,EUR,GBP,0.8507
2025-06-28,EUR,USD,1.0927
2025-06-28,GBP,USD,1.2692
2025-06-28,EUR,GBP,0.8545
2025-06-29,EUR,USD,1.0628
2025-06-29,GBP,USD,1.2643
2025-06-29,EUR,GBP,0.8512
2025-06-30,EUR,USD,1.0705
2025-06-30,GBP,USD,1.2727
2025-06-30,EUR,GBP,0.8494
2025-07-01,EUR,USD,1.0706
2025-07-01,GBP,USD,1.288
2025-07-01,EUR,GBP,0.8432
2025-07-02,EUR,USD,1.0919
2025-07-02,GBP,USD,1.2657
2025-07-02,EUR,GBP,0.8452
2025-07-03,EUR,USD,1.072
2025-07-03,GBP,USD,1.2724
2025-07-03,EUR,GBP,0.8573
2025-07-04,EUR,USD,1.075
2025-07-04,GBP,USD,1.2799
2025-07-04,EUR,GBP,0.8497
2025-07-05,EUR,USD,1.0885
2025-07-05,GBP,USD,1.2837
2025-07-05,EUR,GBP,0.8582
2025-07-06,EUR,USD,1.0687
2025-07-06,GBP,USD,1.2664
2025-07-06,EUR,GBP,0.8512
2025-07-07,EUR,USD,1.0812
2025-07-07,GBP,USD,1.2649
2025-07-07,EUR,GBP,0.8413
2025-07-08,EUR,USD,1.0703
2025-07-08,GBP,USD,1.2797
2025-07-08,EUR,GBP,0.8465
2025-07-09,EUR,USD,1.06
2025-07-09,GBP,USD,1.2676
2025-07-09,EUR,GBP,0.8556
2025-07-10,EUR,USD,1.0908
2025-07-10,GBP,USD,1.2753
2025-07-10,EUR,GBP,0.8448
2025-07-11,EUR,USD,1.0661
2025-07-11,GBP,USD,1.2836
2025-07-11,EUR,GBP,0.8466
2025-07-12,EUR,USD,1.0696
2025-07-12,GBP,USD,1.283
2025-07-12,EUR,GBP,0.8479
2025-07-13,EUR,USD,1.0854
2025-07-13,GBP,USD,1.2806
2025-07-13,EUR,GBP,0.8423
2025-07-14,EUR,USD,1.0952
2025-07-14,GBP,USD,1.2792
2025-07-14,EUR,GBP,0.8527
2025-07-15,EUR,USD,1.067
2025-07-15,GBP,USD,1.2832
2025-07-15,EUR,GBP,0.8416
2025-07-16,EUR,USD,1.0825
2025-07-16,GBP,USD,1.2665
2025-07-16,EUR,GBP,0.8577
2025-07-17,EUR,USD,1.0693
2025-07-17,GBP,USD,1.2671
2025-07-17,EUR,GBP,0.846
2025-07-18,EUR,USD,1.0985
2025-07-18,GBP,USD,1.276
2025-07-18,EUR,GBP,0.8449
2025-07-19,EUR,USD,1.0974
2025-07-19,GBP,USD,1.2621
2025-07-19,EUR,GBP,0.8504
2025-07-20,EUR,USD,1.0824
2025-07-20,GBP,USD,1.2663
2025-07-20,EUR,GBP,0.8477
2025-07-21,EUR,USD,1.0946
2025-07-21,GBP,USD,1.262
2025-07-21,EUR,GBP,0.8534
2025-07-22,EUR,USD,1.066
2025-07-22,GBP,USD,1.275
2025-07-22,EUR,GBP,0.858
2025-07-23,EUR,USD,1.0842
2025-07-23,GBP,USD,1.2656
2025-07-23,EUR,GBP,0.8511
2025-07-24,EUR,USD,1.0886
2025-07-24,GBP,USD,1.2558
2025-07-24,EUR,GBP,0.8405
2025-07-25,EUR,USD,1.0909
2025-07-25,GBP,USD,1.26
2025-07-25,EUR,GBP,0.8524
2025-07-26,EUR,USD,1.0856
2025-07-26,GBP,USD,1.264
2025-07-26,EUR,GBP,0.8521
2025-07-27,EUR,USD,1.0657
2025-07-27,GBP,USD,1.2716
2025-07-27,EUR,GBP,0.8535
2025-07-28,EUR,USD,1.0617
2025-07-28,GBP,USD,1.2547
2025-07-28,EUR,GBP,0.8521
2025-07-29,EUR,USD,1.0824
2025-07-29,GBP,USD,1.2589
2025-07-29,EUR,GBP,0.8409
2025-07-30,EUR,USD,1.0727
2025-07-30,GBP,USD,1.2714
2025-07-30,EUR,GBP,0.8445
2025-07-31,EUR,USD,1.0949
2025-07-31,GBP,USD,1.2567
2025-07-31,EUR,GBP,0.8554
2025-08-01,EUR,USD,1.0612
2025-08-01,GBP,USD,1.2696
2025-08-01,EUR,GBP,0.8523
2025-08-02,EUR,USD,1.0869
2025-08-02,GBP,USD,1.2646
2025-08-02,EUR,GBP,0.8562
2025-08-03,EUR,USD,1.0718
2025-08-03,GBP,USD,1.2655
2025-08-03,EUR,GBP,0.8576
2025-08-04,EUR,USD,1.0928
2025-08-04,GBP,USD,1.2724
2025-08-04,EUR,GBP,0.8515
2025-08-05,EUR,USD,1.0679
2025-08-05,GBP,USD,1.2763
2025-08-05,EUR,GBP,0.8534
2025-08-06,EUR,USD,1.0788
2025-08-06,GBP,USD,1.2565
2025-08-06,EUR,GBP,0.8584
2025-08-07,EUR,USD,1.0801
2025-08-07,GBP,USD,1.2807
2025-08-07,EUR,GBP,0.8481
2025-08-08,EUR,USD,1.0605
2025-08-08,GBP,USD,1.2556
2025-08-08,EUR,GBP,0.8594
2025-08-09,EUR,USD,1.0629
2025-08-09,GBP,USD,1.2894
2025-08-09,EUR,GBP,0.8422
2025-08-10,EUR,USD,1.0992
2025-08-10,GBP,USD,1.2766
2025-08-10,EUR,GBP,0.8539
2025-08-11,EUR,USD,1.0814
2025-08-11,GBP,USD,1.2614
2025-08-11,EUR,GBP,0.849
2025-08-12,EUR,USD,1.0775
2025-08-12,GBP,USD,1.2818
2025-08-12,EUR,GBP,0.8547
2025-08-13,EUR,USD,1.092
2025-08-13,GBP,USD,1.2533
2025-08-13,EUR,GBP,0.8589
2025-08-14,EUR,USD,1.0797
2025-08-14,GBP,USD,1.2542
2025-08-14,EUR,GBP,0.8523
2025-08-15,EUR,USD,1.0853
2025-08-15,GBP,USD,1.2772
2025-08-15,EUR,GBP,0.8515
2025-08-16,EUR,USD,1.0744
2025-08-16,GBP,USD,1.2792
2025-08-16,EUR,GBP,0.8467
2025-08-17,EUR,USD,1.0882
2025-08-17,GBP,USD,1.2822
2025-08-17,EUR,GBP,0.8549
2025-08-18,EUR,USD,1.0703
2025-08-18,GBP,USD,1.2776
2025-08-18,EUR,GBP,0.8529
2025-08-19,EUR,USD,1.0932
2025-08-19,GBP,USD,1.2801
2025-08-19,EUR,GBP,0.8552
2025-08-20,EUR,USD,1.0792
2025-08-20,GBP,USD,1.26
2025-08-20,EUR,GBP,0.852
2025-08-21,EUR,USD,1.0788
2025-08-21,GBP,USD,1.29
2025-08-21,EUR,GBP,0.85
2025-08-22,EUR,USD,1.0632
2025-08-22,GBP,USD,1.2581
2025-08-22,EUR,GBP,0.848
2025-08-23,EUR,USD,1.0981
2025-08-23,GBP,USD,1.2606
2025-08-23,EUR,GBP,0.8449
2025-08-24,EUR,USD,1.0929
2025-08-24,GBP,USD,1.2826
2025-08-24,EUR,GBP,0.8455
2025-08-25,EUR,USD,1.0605
2025-08-25,GBP,USD,1.2814
2025-08-25,EUR,GBP,0.8588
2025-08-26,EUR,USD,1.0646
2025-08-26,GBP,USD,1.2533
2025-08-26,EUR,GBP,0.8481
2025-08-27,EUR,USD,1.0977
2025-08-27,GBP,USD,1.2876
2025-08-27,EUR,GBP,0.8562
2025-08-28,EUR,USD,1.0735
2025-08-28,GBP,USD,1.2543
2025-08-28,EUR,GBP,0.8453
2025-08-29,EUR,USD,1.0774
2025-08-29,GBP,USD,1.2574
2025-08-29,EUR,GBP,0.8574
2025-08-30,EUR,USD,1.0766
2025-08-30,GBP,USD,1.2629
2025-08-30,EUR,GBP,0.8581
2025-08-31,EUR,USD,1.0849
2025-08-31,GBP,USD,1.2658
2025-08-31,EUR,GBP,0.8589
2025-09-01,EUR,USD,1.0975
2025-09-01,GBP,USD,1.253
2025-09-01,EUR,GBP,0.8489
2025-09-02,EUR,USD,1.0904
2025-09-02,GBP,USD,1.2878
2025-09-02,EUR,GBP,0.8478
2025-09-03,EUR,USD,1.0628
2025-09-03,GBP,USD,1.2662
2025-09-03,EUR,GBP,0.8447
2025-09-04,EUR,USD,1.0663
2025-09-04,GBP,USD,1.2739
2025-09-04,EUR,GBP,0.8508
2025-09-05,EUR,USD,1.0976
2025-09-05,GBP,USD,1.2821
2025-09-05,EUR,GBP,0.8534
2025-09-06,EUR,USD,1.0698
2025-09-06,GBP,USD,1.2541
2025-09-06,EUR,GBP,0.8474
2025-09-07,EUR,USD,1.0666
2025-09-07,GBP,USD,1.2813
2025-09-07,EUR,GBP,0.842
2025-09-08,EUR,USD,1.0619
2025-09-08,GBP,USD,1.2795
2025-09-08,EUR,GBP,0.841
2025-09-09,EUR,USD,1.0889
2025-09-09,GBP,USD,1.2613
2025-09-09,EUR,GBP,0.8533
2025-09-10,EUR,USD,1.0837
2025-09-10,GBP,USD,1.2748
2025-09-10,EUR,GBP,0.8403
2025-09-11,EUR,USD,1.0759
2025-09-11,GBP,USD,1.2897
2025-09-11,EUR,GBP,0.8477
2025-09-12,EUR,USD,1.0824
2025-09-12,GBP,USD,1.2543
2025-09-12,EUR,GBP,0.8592
2025-09-13,EUR,USD,1.0971
2025-09-13,GBP,USD,1.264
2025-09-13,EUR,GBP,0.849
2025-09-14,EUR,USD,1.073
2025-09-14,GBP,USD,1.2691
2025-09-14,EUR,GBP,0.8595
2025-09-15,EUR,USD,1.0649
2025-09-15,GBP,USD,1.2822
2025-09-15,EUR,GBP,0.847
2025-09-16,EUR,USD,1.0947
2025-09-16,GBP,USD,1.2755
2025-09-16,EUR,GBP,0.8409
2025-09-17,EUR,USD,1.0721
2025-09-17,GBP,USD,1.2703
2025-09-17,EUR,GBP,0.8445
2025-09-18,EUR,USD,1.0681
2025-09-18,GBP,USD,1.2705
2025-09-18,EUR,GBP,0.8528
2025-09-19,EUR,USD,1.0816
2025-09-19,GBP,USD,1.2679
2025-09-19,EUR,GBP,0.8561
2025-09-20,EUR,USD,1.0647
2025-09-20,GBP,USD,1.2835
2025-09-20,EUR,GBP,0.8415
2025-09-21,EUR,USD,1.0793
2025-09-21,GBP,USD,1.269
2025-09-21,EUR,GBP,0.8428
2025-09-22,EUR,USD,1.0648
2025-09-22,GBP,USD,1.2841
2025-09-22,EUR,GBP,0.848
2025-09-23,EUR,USD,1.0756
2025-09-23,GBP,USD,1.2734
2025-09-23,EUR,GBP,0.8454
2025-09-24,EUR,USD,1.0956
2025-09-24,GBP,USD,1.2618
2025-09-24,EUR,GBP,0.8476
2025-09-25,EUR,USD,1.0603
2025-09-25,GBP,USD,1.2714
2025-09-25,EUR,GBP,0.8401
2025-09-26,EUR,USD,1.0712
2025-09-26,GBP,USD,1.2738
2025-09-26,EUR,GBP,0.8467
2025-09-27,EUR,USD,1.0604
2025-09-27,GBP,USD,1.2823
2025-09-27,EUR,GBP,0.8448
2025-09-28,EUR,USD,1.0857
2025-09-28,GBP,USD,1.2684
2025-09-28,EUR,GBP,0.8527
2025-09-29,EUR,USD,1.0648
2025-09-29,GBP,USD,1.2769
2025-09-29,EUR,GBP,0.8421
2025-09-30,EUR,USD,1.0978
2025-09-30,GBP,USD,1.2821
2025-09-30,EUR,GBP,0.853
2025-10-01,EUR,USD,1.0947
2025-10-01,GBP,USD,1.2568
2025-10-01,EUR,GBP,0.8568
2025-10-02,EUR,USD,1.0626
2025-10-02,GBP,USD,1.254
2025-10-02,EUR,GBP,0.859
2025-10-03,EUR,USD,1.0657
2025-10-03,GBP,USD,1.2829
2025-10-03,EUR,GBP,0.8484
2025-10-04,EUR,USD,1.0992
2025-10-04,GBP,USD,1.2606
2025-10-04,EUR,GBP,0.857
2025-10-05,EUR,USD,1.0787
2025-10-05,GBP,USD,1.2836
2025-10-05,EUR,GBP,0.8421
2025-10-06,EUR,USD,1.0847
2025-10-06,GBP,USD,1.2652
2025-10-06,EUR,GBP,0.8579
2025-10-07,EUR,USD,1.0721
2025-10-07,GBP,USD,1.2646
2025-10-07,EUR,GBP,0.8437
2025-10-08,EUR,USD,1.0758
2025-10-08,GBP,USD,1.289
2025-10-08,EUR,GBP,0.8484
2025-10-09,EUR,USD,1.0822
2025-10-09,GBP,USD,1.2828
2025-10-09,EUR,GBP,0.8515
2025-10-10,EUR,USD,1.0903
2025-10-10,GBP,USD,1.2514
2025-10-10,EUR,GBP,0.8586
2025-10-11,EUR,USD,1.072
2025-10-11,GBP,USD,1.2658
2025-10-11,EUR,GBP,0.8523
2025-10-12,EUR,USD,1.0749
2025-10-12,GBP,USD,1.2662
2025-10-12,EUR,GBP,0.8534
2025-10-13,EUR,USD,1.0619
2025-10-13,GBP,USD,1.2884
2025-10-13,EUR,GBP,0.8566
2025-10-14,EUR,USD,1.0835
2025-10-14,GBP,USD,1.2881
2025-10-14,EUR,GBP,0.8561
2025-10-15,EUR,USD,1.089
2025-10-15,GBP,USD,1.2615
2025-10-15,EUR,GBP,0.854
2025-10-16,EUR,USD,1.0803
2025-10-16,GBP,USD,1.2643
2025-10-16,EUR,GBP,0.8454
2025-10-17,EUR,USD,1.0959
2025-10-17,GBP,USD,1.2661
2025-10-17,EUR,GBP,0.8508
2025-10-18,EUR,USD,1.0974
2025-10-18,GBP,USD,1.2793
2025-10-18,EUR,GBP,0.8493
2025-10-19,EUR,USD,1.0789
2025-10-19,GBP,USD,1.2515
2025-10-19,EUR,GBP,0.8427
2025-10-20,EUR,USD,1.0751
2025-10-20,GBP,USD,1.2626
2025-10-20,EUR,GBP,0.8459
2025-10-21,EUR,USD,1.0604
2025-10-21,GBP,USD,1.2596
2025-10-21,EUR,GBP,0.8482
2025-10-22,EUR,USD,1.0678
2025-10-22,GBP,USD,1.2652
2025-10-22,EUR,GBP,0.8519
2025-10-23,EUR,USD,1.0778
2025-10-23,GBP,USD,1.2523
2025-10-23,EUR,GBP,0.8421
2025-10-24,EUR,USD,1.0608
2025-10-24,GBP,USD,1.282
2025-10-24,EUR,GBP,0.8411
2025-10-25,EUR,USD,1.0945
2025-10-25,GBP,USD,1.2513
2025-10-25,EUR,GBP,0.8525
2025-10-26,EUR,USD,1.092
2025-10-26,GBP,USD,1.2547
2025-10-26,EUR,GBP,0.8588
2025-10-27,EUR,USD,1.0687
2025-10-27,GBP,USD,1.2624
2025-10-27,EUR,GBP,0.8568
2025-10-28,EUR,USD,1.087
2025-10-28,GBP,USD,1.2827
2025-10-28,EUR,GBP,0.8409
2025-10-29,EUR,USD,1.0872
2025-10-29,GBP,USD,1.2791
2025-10-29,EUR,GBP,0.847
2025-10-30,EUR,USD,1.074
2025-10-30,GBP,USD,1.2682
2025-10-30,EUR,GBP,0.8426
2025-10-31,EUR,USD,1.0815
2025-10-31,GBP,USD,1.2629
2025-10-31,EUR,GBP,0.8539
2025-11-01,EUR,USD,1.0738
2025-11-01,GBP,USD,1.2672
2025-11-01,EUR,GBP,0.858
2025-11-02,EUR,USD,1.0656
2025-11-02,GBP,USD,1.2696
2025-11-02,EUR,GBP,0.8531
2025-11-03,EUR,USD,1.0987
2025-11-03,GBP,USD,1.288
2025-11-03,EUR,GBP,0.8566
2025-11-04,EUR,USD,1.0605
2025-11-04,GBP,USD,1.2589
2025-11-04,EUR,GBP,0.8466
2025-11-05,EUR,USD,1.0809
2025-11-05,GBP,USD,1.2662
2025-11-05,EUR,GBP,0.8552
2025-11-06,EUR,USD,1.0665
2025-11-06,GBP,USD,1.251
2025-11-06,EUR,GBP,0.8449
2025-11-07,EUR,USD,1.0964
2025-11-07,GBP,USD,1.2509
2025-11-07,EUR,GBP,0.8432
2025-11-08,EUR,USD,1.0899
2025-11-08,GBP,USD,1.2715
2025-11-08,EUR,GBP,0.8593
2025-11-09,EUR,USD,1.0946
2025-11-09,GBP,USD,1.2835
2025-11-09,EUR,GBP,0.8497
2025-11-10,EUR,USD,1.0645
2025-11-10,GBP,USD,1.2864
2025-11-10,EUR,GBP,0.8523
2025-11-11,EUR,USD,1.0978
2025-11-11,GBP,USD,1.2579
2025-11-11,EUR,GBP,0.8445
2025-11-12,EUR,USD,1.0611
2025-11-12,GBP,USD,1.2682
2025-11-12,EUR,GBP,0.8594
2025-11-13,EUR,USD,1.0616
2025-11-13,GBP,USD,1.2763
2025-11-13,EUR,GBP,0.8576
2025-11-14,EUR,USD,1.0746
2025-11-14,GBP,USD,1.2822
2025-11-14,EUR,GBP,0.8536
2025-11-15,EUR,USD,1.0792
2025-11-15,GBP,USD,1.2591
2025-11-15,EUR,GBP,0.8451
2025-11-16,EUR,USD,1.0614
2025-11-16,GBP,USD,1.2825
2025-11-16,EUR,GBP,0.8415
2025-11-17,EUR,USD,1.0635
2025-11-17,GBP,USD,1.2815
2025-11-17,EUR,GBP,0.852
2025-11-18,EUR,USD,1.0934
2025-11-18,GBP,USD,1.2819
2025-11-18,EUR,GBP,0.8474
2025-11-19,EUR,USD,1.0856
2025-11-19,GBP,USD,1.2776
2025-11-19,EUR,GBP,0.8525
2025-11-20,EUR,USD,1.0773
2025-11-20,GBP,USD,1.2683
2025-11-20,EUR,GBP,0.8539
2025-11-21,EUR,USD,1.096
2025-11-21,GBP,USD,1.2699
2025-11-21,EUR,GBP,0.8427
2025-11-22,EUR,USD,1.0872
2025-11-22,GBP,USD,1.2876
2025-11-22,EUR,GBP,0.8559
2025-11-23,EUR,USD,1.0922
2025-11-23,GBP,USD,1.2669
2025-11-23,EUR,GBP,0.8526
2025-11-24,EUR,USD,1.0883
2025-11-24,GBP,USD,1.2803
2025-11-24,EUR,GBP,0.8412
2025-11-25,EUR,USD,1.0848
2025-11-25,GBP,USD,1.2616
2025-11-25,EUR,GBP,0.8418
2025-11-26,EUR,USD,1.0943
2025-11-26,GBP,USD,1.2896
2025-11-26,EUR,GBP,0.8442
2025-11-27,EUR,USD,1.0805
2025-11-27,GBP,USD,1.2808
2025-11-27,EUR,GBP,0.843
2025-11-28,EUR,USD,1.1
2025-11-28,GBP,USD,1.2863
2025-11-28,EUR,GBP,0.8569
2025-11-29,EUR,USD,1.0909
2025-11-29,GBP,USD,1.2821
2025-11-29,EUR,GBP,0.8539
2025-11-30,EUR,USD,1.0928
2025-11-30,GBP,USD,1.2599
2025-11-30,EUR,GBP,0.847
2025-12-01,EUR,USD,1.0605
2025-12-01,GBP,USD,1.2845
2025-12-01,EUR,GBP,0.8564
2025-12-02,EUR,USD,1.0886
2025-12-02,GBP,USD,1.276
2025-12-02,EUR,GBP,0.8589
2025-12-03,EUR,USD,1.0879
2025-12-03,GBP,USD,1.2654
2025-12-03,EUR,GBP,0.8494
2025-12-04,EUR,USD,1.0784
2025-12-04,GBP,USD,1.2709
2025-12-04,EUR,GBP,0.8504
2025-12-05,EUR,USD,1.0627
2025-12-05,GBP,USD,1.2575
2025-12-05,EUR,GBP,0.8456
2025-12-06,EUR,USD,1.0603
2025-12-06,GBP,USD,1.2884
2025-12-06,EUR,GBP,0.844
2025-12-07,EUR,USD,1.0815
2025-12-07,GBP,USD,1.273
2025-12-07,EUR,GBP,0.8543
2025-12-08,EUR,USD,1.0867
2025-12-08,GBP,USD,1.2868
2025-12-08,EUR,GBP,0.8531
2025-12-09,EUR,USD,1.0755
2025-12-09,GBP,USD,1.2592
2025-12-09,EUR,GBP,0.8546
2025-12-10,EUR,USD,1.0688
2025-12-10,GBP,USD,1.2626
2025-12-10,EUR,GBP,0.8582
2025-12-11,EUR,USD,1.0805
2025-12-11,GBP,USD,1.2527
2025-12-11,EUR,GBP,0.8582
2025-12-12,EUR,USD,1.0745
2025-12-12,GBP,USD,1.2819
2025-12-12,EUR,GBP,0.8539
2025-12-13,EUR,USD,1.0926
2025-12-13,GBP,USD,1.2703
2025-12-13,EUR,GBP,0.8495
2025-12-14,EUR,USD,1.0676
2025-12-14,GBP,USD,1.2782
2025-12-14,EUR,GBP,0.8516
2025-12-15,EUR,USD,1.0637
2025-12-15,GBP,USD,1.2802
2025-12-15,EUR,GBP,0.8405
2025-12-16,EUR,USD,1.0887
2025-12-16,GBP,USD,1.285
2025-12-16,EUR,GBP,0.8529
2025-12-17,EUR,USD,1.0637
2025-12-17,GBP,USD,1.2597
2025-12-17,EUR,GBP,0.8579
2025-12-18,EUR,USD,1.0707
2025-12-18,GBP,USD,1.2547
2025-12-18,EUR,GBP,0.8447
2025-12-19,EUR,USD,1.0802
2025-12-19,GBP,USD,1.2742
2025-12-19,EUR,GBP,0.842
2025-12-20,EUR,USD,1.0959
2025-12-20,GBP,USD,1.2854
2025-12-20,EUR,GBP,0.8425
2025-12-21,EUR,USD,1.0711
2025-12-21,GBP,USD,1.2608
2025-12-21,EUR,GBP,0.856
2025-12-22,EUR,USD,1.0879
2025-12-22,GBP,USD,1.2768
2025-12-22,EUR,GBP,0.8526
2025-12-23,EUR,USD,1.0669
2025-12-23,GBP,USD,1.2868
2025-12-23,EUR,GBP,0.8463
2025-12-24,EUR,USD,1.098
2025-12-24,GBP,USD,1.2552
2025-12-24,EUR,GBP,0.8428
2025-12-25,EUR,USD,1.0807
2025-12-25,GBP,USD,1.2808
2025-12-25,EUR,GBP,0.8582
2025-12-26,EUR,USD,1.0686
2025-12-26,GBP,USD,1.2709
2025-12-26,EUR,GBP,0.8517
2025-12-27,EUR,USD,1.0978
2025-12-27,GBP,USD,1.2544
2025-12-27,EUR,GBP,0.8597
2025-12-28,EUR,USD,1.0989
2025-12-28,GBP,USD,1.287
2025-12-28,EUR,GBP,0.8533
2025-12-29,EUR,USD,1.0945
2025-12-29,GBP,USD,1.252
2025-12-29,EUR,GBP,0.843
2025-12-30,EUR,USD,1.0997
2025-12-30,GBP,USD,1.2702
2025-12-30,EUR,GBP,0.8473
2025-12-31,EUR,USD,1.0874
2025-12-31,GBP,USD,1.2546
2025-12-31,EUR,GBP,0.8576
2026-01-01,EUR,USD,1.0607
2026-01-01,GBP,USD,1.2758
2026-01-01,EUR,GBP,0.8458
2026-01-02,EUR,USD,1.0882
2026-01-02,GBP,USD,1.2661
2026-01-02,EUR,GBP,0.8415
2026-01-03,EUR,USD,1.0755
2026-01-03,GBP,USD,1.2803
2026-01-03,EUR,GBP,0.8526
2026-01-04,EUR,USD,1.0671
2026-01-04,GBP,USD,1.287
2026-01-04,EUR,GBP,0.851
2026-01-05,EUR,USD,1.0982
2026-01-05,GBP,USD,1.2536
2026-01-05,EUR,GBP,0.8523
2026-01-06,EUR,USD,1.0753
2026-01-06,GBP,USD,1.258
2026-01-06,EUR,GBP,0.8535
2026-01-07,EUR,USD,1.0902
2026-01-07,GBP,USD,1.2659
2026-01-07,EUR,GBP,0.8533
2026-01-08,EUR,USD,1.0601
2026-01-08,GBP,USD,1.2662
2026-01-08,EUR,GBP,0.8554
2026-01-09,EUR,USD,1.0654
2026-01-09,GBP,USD,1.2639
2026-01-09,EUR,GBP,0.8572
2026-01-10,EUR,USD,1.0877
2026-01-10,GBP,USD,1.2695
2026-01-10,EUR,GBP,0.8477
2026-01-11,EUR,USD,1.0919
2026-01-11,GBP,USD,1.2595
2026-01-11,EUR,GBP,0.8566
2026-01-12,EUR,USD,1.0639
2026-01-12,GBP,USD,1.2539
2026-01-12,EUR,GBP,0.849
2026-01-13,EUR,USD,1.0862
2026-01-13,GBP,USD,1.251
2026-01-13,EUR,GBP,0.8568
2026-01-14,EUR,USD,1.0831
2026-01-14,GBP,USD,1.2674
2026-01-14,EUR,GBP,0.853
2026-01-15,EUR,USD,1.0838
2026-01-15,GBP,USD,1.2676
2026-01-15,EUR,GBP,0.8404
2026-01-16,EUR,USD,1.0772
2026-01-16,GBP,USD,1.283
2026-01-16,EUR,GBP,0.8441
2026-01-17,EUR,USD,1.0623
2026-01-17,GBP,USD,1.258
2026-01-17,EUR,GBP,0.853
2026-01-18,EUR,USD,1.0697
2026-01-18,GBP,USD,1.2674
2026-01-18,EUR,GBP,0.8463
2026-01-19,EUR,USD,1.0695
2026-01-19,GBP,USD,1.2872
2026-01-19,EUR,GBP,0.856
2026-01-20,EUR,USD,1.0602
2026-01-20,GBP,USD,1.2897
2026-01-20,EUR,GBP,0.8585
2026-01-21,EUR,USD,1.0661
2026-01-21,GBP,USD,1.2884
2026-01-21,EUR,GBP,0.857
2026-01-22,EUR,USD,1.0949
2026-01-22,GBP,USD,1.2783
2026-01-22,EUR,GBP,0.8546
2026-01-23,EUR,USD,1.0641
2026-01-23,GBP,USD,1.2707
2026-01-23,EUR,GBP,0.8441
2026-01-24,EUR,USD,1.0995
2026-01-24,GBP,USD,1.2532
2026-01-24,EUR,GBP,0.8457
2026-01-25,EUR,USD,1.0888
2026-01-25,GBP,USD,1.2542
2026-01-25,EUR,GBP,0.8515
2026-01-26,EUR,USD,1.0793
2026-01-26,GBP,USD,1.2843
2026-01-26,EUR,GBP,0.8558
2026-01-27,EUR,USD,1.0878
2026-01-27,GBP,USD,1.2784
2026-01-27,EUR,GBP,0.85
2026-01-28,EUR,USD,1.0742
2026-01-28,GBP,USD,1.2888
2026-01-28,EUR,GBP,0.8472
2026-01-29,EUR,USD,1.0903
2026-01-29,GBP,USD,1.2815
2026-01-29,EUR,GBP,0.8453
2026-01-30,EUR,USD,1.0768
2026-01-30,GBP,USD,1.2806
2026-01-30,EUR,GBP,0.849
2026-01-31,EUR,USD,1.0644
2026-01-31,GBP,USD,1.2831
2026-01-31,EUR,GBP,0.8569
2026-02-01,EUR,USD,1.0711
2026-02-01,GBP,USD,1.2707
2026-02-01,EUR,GBP,0.8449
2026-02-02,EUR,USD,1.0696
2026-02-02,GBP,USD,1.2611
2026-02-02,EUR,GBP,0.8522
2026-02-03,EUR,USD,1.0663
2026-02-03,GBP,USD,1.2886
2026-02-03,EUR,GBP,0.8589
2026-02-04,EUR,USD,1.0693
2026-02-04,GBP,USD,1.2553
2026-02-04,EUR,GBP,0.8483
2026-02-05,EUR,USD,1.0627
2026-02-05,GBP,USD,1.2608
2026-02-05,EUR,GBP,0.8434
2026-02-06,EUR,USD,1.0989
2026-02-06,GBP,USD,1.2586
2026-02-06,EUR,GBP,0.859
2026-02-07,EUR,USD,1.0885
2026-02-07,GBP,USD,1.2559
2026-02-07,EUR,GBP,0.8516
2026-02-08,EUR,USD,1.0891
2026-02-08,GBP,USD,1.2598
2026-02-08,EUR,GBP,0.8461
2026-02-09,EUR,USD,1.0708
2026-02-09,GBP,USD,1.2521
2026-02-09,EUR,GBP,0.8544
2026-02-10,EUR,USD,1.0833
2026-02-10,GBP,USD,1.2735
2026-02-10,EUR,GBP,0.8561
2026-02-11,EUR,USD,1.0854
2026-02-11,GBP,USD,1.2776
2026-02-11,EUR,GBP,0.8408
2026-02-12,EUR,USD,1.0978
2026-02-12,GBP,USD,1.2702
2026-02-12,EUR,GBP,0.8537
2026-02-13,EUR,USD,1.099
2026-02-13,GBP,USD,1.2703
2026-02-13,EUR,GBP,0.8514
2026-02-14,EUR,USD,1.094
2026-02-14,GBP,USD,1.2825
2026-02-14,EUR,GBP,0.842
2026-02-15,EUR,USD,1.0728
2026-02-15,GBP,USD,1.2711
2026-02-15,EUR,GBP,0.8514
2026-02-16,EUR,USD,1.0627
2026-02-16,GBP,USD,1.2717
2026-02-16,EUR,GBP,0.8439
2026-02-17,EUR,USD,1.0716
2026-02-17,GBP,USD,1.2659
2026-02-17,EUR,GBP,0.8483
2026-02-18,EUR,USD,1.084
2026-02-18,GBP,USD,1.2705
2026-02-18,EUR,GBP,0.8445
2026-02-19,EUR,USD,1.0751
2026-02-19,GBP,USD,1.2629
2026-02-19,EUR,GBP,0.8497
2026-02-20,EUR,USD,1.0672
2026-02-20,GBP,USD,1.2529
2026-02-20,EUR,GBP,0.8428
2026-02-21,EUR,USD,1.0816
2026-02-21,GBP,USD,1.2593
2026-02-21,EUR,GBP,0.8481
2026-02-22,EUR,USD,1.086
2026-02-22,GBP,USD,1.29
2026-02-22,EUR,GBP,0.8538
2026-02-23,EUR,USD,1.0826
2026-02-23,GBP,USD,1.2692
2026-02-23,EUR,GBP,0.8569
2026-02-24,EUR,USD,1.0915
2026-02-24,GBP,USD,1.2684
2026-02-24,EUR,GBP,0.8597
2026-02-25,EUR,USD,1.0697
2026-02-25,GBP,USD,1.267
2026-02-25,EUR,GBP,0.8475
2026-02-26,EUR,USD,1.0836
2026-02-26,GBP,USD,1.2725
2026-02-26,EUR,GBP,0.8554
2026-02-27,EUR,USD,1.0634
2026-02-27,GBP,USD,1.2652
2026-02-27,EUR,GBP,0.8475
2026-02-28,EUR,USD,1.0656
2026-02-28,GBP,USD,1.2686
2026-02-28,EUR,GBP,0.8579
2026-03-01,EUR,USD,1.0928
2026-03-01,GBP,USD,1.283
2026-03-01,EUR,GBP,0.8518
2026-03-02,EUR,USD,1.081
2026-03-02,GBP,USD,1.2544
2026-03-02,EUR,GBP,0.8434
2026-03-03,EUR,USD,1.06
2026-03-03,GBP,USD,1.2762
2026-03-03,EUR,GBP,0.848
2026-03-04,EUR,USD,1.0673
2026-03-04,GBP,USD,1.2532
2026-03-04,EUR,GBP,0.8409
2026-03-05,EUR,USD,1.0668
2026-03-05,GBP,USD,1.2586
2026-03-05,EUR,GBP,0.8403
2026-03-06,EUR,USD,1.095
2026-03-06,GBP,USD,1.2861
2026-03-06,EUR,GBP,0.8512
2026-03-07,EUR,USD,1.0996
2026-03-07,GBP,USD,1.2793
2026-03-07,EUR,GBP,0.8484
2026-03-08,EUR,USD,1.0808
2026-03-08,GBP,USD,1.277
2026-03-08,EUR,GBP,0.8571
2026-03-09,EUR,USD,1.0624
2026-03-09,GBP,USD,1.2551
2026-03-09,EUR,GBP,0.8592
2026-03-10,EUR,USD,1.0719
2026-03-10,GBP,USD,1.2899
2026-03-10,EUR,GBP,0.8407
2026-03-11,EUR,USD,1.0943
2026-03-11,GBP,USD,1.2628
2026-03-11,EUR,GBP,0.8466
2026-03-12,EUR,USD,1.0686
2026-03-12,GBP,USD,1.2795
2026-03-12,EUR,GBP,0.8438
2026-03-13,EUR,USD,1.0696
2026-03-13,GBP,USD,1.2576
2026-03-13,EUR,GBP,0.855
2026-03-14,EUR,USD,1.0889
2026-03-14,GBP,USD,1.2751
2026-03-14,EUR,GBP,0.8544
2026-03-15,EUR,USD,1.0798
2026-03-15,GBP,USD,1.2611
2026-03-15,EUR,GBP,0.8569
2026-03-16,EUR,USD,1.08
2026-03-16,GBP,USD,1.27
2026-03-16,EUR,GBP,0.8504
